GEOID,cover_any,cover_freq,cover_night
36047024400,1.0,0.0,1.0
36047023000,0.9551016735056383,0.7639659204258779,0.9551016735056389
36047023100,1.0,1.0,1.0
36047023300,1.0,1.0,1.0
36047023400,1.0,0.0,1.0
36047023500,1.0,1.0,1.0
36047023600,0.9999999999999998,0.0,0.9999999999999998
36047022100,1.0,0.7685841952067027,1.0
36047024000,1.0,0.0,1.0
36047024200,1.0,0.0,1.0
36047024900,1.0,1.0,1.0
36047024500,1.0,1.0,1.0
36047024600,0.9999999999999994,0.7495325580430483,0.9999999999999994
36047024800,0.9999999999999999,0.0,0.9999999999999999
36047025000,0.7026101687830106,0.0,0.7026101687830005
36047025100,0.9999999999999996,0.9999999999999996,0.9999999999999996
36047025200,0.8847268704986742,0.0,0.8847268704986742
36047025300,0.9999999999999999,0.9999999999999999,0.9999999999999999
36047025600,0.824548363140034,0.5682078765239287,0.824548363140034
36047025700,1.0,0.6134077807584696,1.0
36047025901,1.0,0.9793598657391168,1.0
36047026000,1.0,0.0,1.0
36047035900,1.0,1.0,1.0
36047035000,1.0,1.0,1.0
36047035200,0.4919133291204567,0.49190676826484686,0.49190676826484697
36047035400,0.9999999999999997,0.9965275693373457,0.9999999999999997
36047035500,1.0,1.0,1.0
36047073400,1.0,0.9670622308854921,1.0
36047075600,0.9959835106560043,0.9852012754691023,0.9959835106560043
36047073600,0.9999999999999997,0.9999999999999997,0.9999999999999997
36047074800,0.9999999999999998,0.9999999999999998,0.9999999999999998
36047074000,1.0,1.0,1.0
36047074400,1.0,1.0,1.0
36047074600,1.0,1.0,1.0
36047075800,0.9995966881151676,0.049333788445250965,0.9995966881151676
36047076000,1.0,0.2975535828979923,1.0
36047095800,0.9213668000288121,0.8780941613057485,0.9213668000288121
36047076200,0.9999999999999999,0.9999999999999999,0.9999999999999999
36047076600,0.9999999999999993,0.6682111669972111,0.9999999999999993
36047077000,0.9999999999999996,0.9265727591941582,0.9999999999999996
36047096000,0.9983901197118211,0.689330040803734,0.9983901197118211
36047096200,1.0,1.0,1.0
36047096400,0.9999999999999999,0.9999999999999999,0.9999999999999999
36047096800,0.9999999999999999,0.9999999999999999,0.9999999999999999
36047097000,0.9999999999999998,0.6849173071512209,0.9999999999999998
36047097400,0.9999999999999998,0.9999999999999998,0.9999999999999998
36047098400,1.0,1.0,1.0
36047098600,1.0,1.0,1.0
36047100400,0.9999999999999999,0.9999999999999999,0.9999999999999999
36047099000,0.9999999999999998,0.9999999999999998,0.9999999999999998
36047099400,1.0,0.9978640319579523,0.9995911930441475
36047099800,0.9999999903663438,0.899403997311597,0.900765648458165
36047100800,1.0,1.0,1.0
36047101000,1.0,1.0,1.0
36047101200,0.9999999999999998,0.9999999999999998,0.9999999999999998
36047101400,1.0,1.0,1.0
36047101600,1.0,1.0,1.0
36047000501,0.9543945125694799,0.8153199663862644,0.9543945125694799
36047035601,1.0,1.0,1.0
36047050801,0.9999999999999999,0.9999999999999999,0.9999999999999999
36047051001,0.9999999999999997,0.9999999999999997,0.9999999999999997
36047051602,1.0,1.0,1.0
36047079601,0.9999999999999998,0.9999999999999998,0.9999999999999998
36047079602,0.9999999999999999,0.9999999999999999,0.9999999999999999
36047079802,1.0,1.0,1.0
36047105801,0.9999999999999988,0.9999999999999988,0.9999999999999988
36047990100,0.0,0.0,0.0
36047051800,1.0,0.22638428275297826,1.0
36047051400,0.9999999999999999,0.672808082796133,0.9999999999999999
36047052600,0.9999999999999999,0.9999999999999999,0.9999999999999999
36047051500,0.9999999999999999,0.0,0.9999999999999999
36047051700,1.0,0.0,1.0
36047051900,1.0,0.0,1.0
36047052000,0.9999999999999999,0.6952275163162873,0.9999999999999999
36047053000,1.0,1.0,1.0
36047052300,0.9999999999999997,0.8649235377117507,0.9999999999999997
36047052700,0.9999999999999996,0.9999999999999996,0.9999999999999996
36047052900,0.9999999999999996,0.9999999999999996,0.9999999999999996
36047053300,1.0,0.6106826068517974,1.0
36047053400,0.9999999999999999,0.9999999999999999,0.9999999999999999
36047053500,1.0,0.5759249213856751,1.0
36047111800,1.0,1.0,1.0
36047067000,1.0,1.0,1.0
36047025500,0.9999999999999997,0.9999999999999997,0.9999999999999997
36047029400,0.8299819407724333,0.8299819407724333,0.8299819407724333
36047027900,1.0,1.0,1.0
36047062600,0.9436305141356637,0.24922875258553812,0.9013081223309782
36047005100,1.0,0.0,1.0
36047021600,1.0,0.0,1.0
36047040800,0.7367149319806625,0.6546308778004581,0.7367149319806625
36047020500,0.9999999999999998,0.212297991109887,0.9999999999999998
36047015700,1.0,0.218071394595374,1.0
36047003300,0.9999999999999992,0.9999999999999992,0.9999999999999992
36047050900,1.0,1.0,1.0
36047026900,1.0,1.0,1.0
36047045600,1.0,1.0,1.0
36047100600,1.0,1.0,1.0
36047040600,0.9353822208013511,0.8164252621054798,0.9353822208013511
36047084800,0.9999999999999999,0.9999999999999999,0.9999999999999999
36047051601,1.0,0.9592471277819119,1.0
36047069800,1.0,1.0,1.0
36047065200,1.0,1.0,1.0
36047068800,1.0,1.0,1.0
36047069200,1.0,0.40462373569357896,1.0
36047065800,0.9999999999999999,0.9999999999999999,0.9999999999999999
36047066000,0.9999999999999999,0.9999999999999999,0.9999999999999999
36047067400,1.0,1.0,1.0
36047066200,0.9999999999999997,0.9999999999999997,0.9999999999999997
36047066600,0.1922418540053584,0.08597666121963911,0.19098781383508573
36047067200,1.0,1.0,1.0
36047067600,1.0,1.0,1.0
36047068000,1.0,1.0,1.0
36047068200,1.0,1.0,1.0
36047070000,0.9999999999999998,0.9999999999999998,0.9999999999999998
36047070201,0.8994747768537618,0.8993608347850885,0.8994747768537618
36047072200,1.0,1.0,1.0
36047070202,0.021256160124088087,0.02125616012408815,0.021256160124088087
36047070203,0.0,0.0,0.0
36047072000,1.0,0.47183070633870416,1.0
36047072400,0.9999999999999999,0.9999999999999999,0.9999999999999999
36047072600,0.9999999999999999,0.9999999999999999,0.9999999999999999
36047073200,1.0,0.9874286600128258,1.0
36047022700,0.9999999999999998,0.9999999999999998,0.9999999999999998
36047022000,0.9999999999999996,0.0,0.9999999999999996
36047022400,1.0,0.999394998267862,1.0
36047022600,1.0,1.0,1.0
36047022800,1.0,0.9354754871426929,1.0
36047035602,1.0,1.0,1.0
36047037401,1.0,1.0,1.0
36047037402,1.0,0.7193567617986419,1.0
36047050803,1.0,1.0,1.0
36047050804,0.9999999999999998,0.9999502677508293,0.9999999999999998
36047051002,1.0,1.0,1.0
36047069601,0.7862867193687882,0.2772035954684005,0.7862867193687882
36047069602,0.6840773901421313,0.5284640913133717,0.5369008124788275
36047079801,1.0,1.0,1.0
36047121400,1.0,1.0,1.0
36047122000,0.8927521757252634,0.26623962041176447,0.8927521757252634
36047013000,1.0,0.0,1.0
36047017000,0.9999999999999998,0.6431858468177519,0.9999999999999998
36047020100,1.0,1.0,1.0
36047022200,1.0,0.022138274829938135,1.0
36047023800,0.9999416588255149,0.0,0.9999416588255142
36047024700,0.9999999999999999,0.9999999999999999,0.9999999999999999
36047027300,1.0,1.0,1.0
36047028000,0.7500000034266837,0.12641795453341412,0.7500000034266837
36047032600,1.0,1.0,0.941551939071878
36047052500,1.0,1.0,1.0
36047034700,1.0,1.0,1.0
36047041000,0.8769079892699269,0.7209072367697577,0.8769079892699269
36047048600,0.9999999999999998,0.48384676277391314,0.9999999999999998
36047018000,1.0,0.8808235684235447,1.0
36047017700,0.7984838861805071,0.6650581846052648,0.7984838861805071
36047017800,1.0,0.8944051025850851,1.0
36047017900,1.0,1.0,1.0
36047018200,0.9342808962631021,0.4440234619027551,0.9342808962631028
36047018700,0.9999999999999999,0.005681806093920351,0.9999999999999999
36047018300,0.9999999999999999,0.991957359404523,0.9999999999999999
36047018501,1.0,0.005664546886149113,1.0
36047018600,0.9757291720075811,0.0,0.9757291720075811
36047019000,0.6882528288434364,0.0,0.6882528288434364
36047019100,1.0,0.07914367605290447,1.0
36047019200,1.0,0.0,1.0
36047019600,1.0,0.0,1.0
36047019700,0.9999999999999999,0.9999999999999999,0.9999999999999999
36047019800,0.9999999999999999,0.0,0.9999999999999999
36047019900,1.0,1.0,1.0
36047020000,1.0,0.0,1.0
36047020700,0.9999999999999997,0.6925113332002188,0.9999999999999997
36047020300,0.9999999999999999,0.7770518413102054,0.9999999999999999
36047020400,1.0,0.0,1.0
36047020600,0.9999999999999999,0.0,0.9999999999999999
36047021800,0.9999999999999999,0.0,0.9999999999999999
36047020800,1.0,0.0,1.0
36047021000,1.0,0.0,1.0
36047021400,0.9999999999999998,0.0,0.9999999999999998
36047021900,0.9999999999999999,0.9866321919203206,0.9999999999999999
36047064600,0.8860912164448218,0.48580732549840033,0.8860912164448218
36047052800,0.9999999999999998,0.6726041506285302,0.9999999999999998
36047053800,1.0,0.009462347587652456,1.0
36047054200,1.0,1.0,1.0
36047059300,0.9999999999999999,0.0,0.9999999999999999
36047113400,1.0,0.5272170640700873,1.0
36047075200,0.9999999999999999,0.9283725190607928,0.9999999999999999
36047081800,1.0,1.0,1.0
36047102200,0.9999999999999999,0.9999999999999999,0.9999999999999999
36047115800,1.0,0.9728328026152974,1.0
36047116600,0.616781181014215,0.0,0.616781181014215
36047040200,0.9999999999999996,0.9999999999999996,0.9999999999999996
36047043700,1.0,1.0,1.0
36047040300,0.9999999999999998,0.14510603179751277,0.9999999999999998
36047040500,1.0,0.518865874914264,1.0
36047041100,1.0,0.4695695034841594,1.0
36047041200,1.0,1.0,1.0
36047039500,0.9999999999999999,0.9999999999999999,0.9999999999999999
36047041300,1.0,1.0,1.0
36047039600,1.0,1.0,1.0
36047039700,1.0,1.0,1.0
36047039800,0.9999999999999996,0.9999999999999996,0.9999999999999996
36047039900,0.9999999999999997,0.9999999999999997,0.9999999999999997
36047040000,1.0,1.0,1.0
36047041401,0.9999999999999999,0.9965194713386806,0.9999999999999999
36047042300,1.0,0.9976093584161241,1.0
36047041500,1.0,1.0,1.0
36047041600,0.9998741628680409,0.9998741628680409,0.9998741628680409
36047041800,0.9999999999999999,0.9494014464603093,0.9999999999999999
36047041900,0.9999999999999999,0.9999999999999999,0.9999999999999999
36047042100,1.0,1.0,1.0
36047042500,1.0,0.01511368410842959,1.0
36047042600,1.0,1.0,1.0
36047042700,1.0,0.24245160737755084,1.0
36047042800,0.9999999999999996,0.9999944545987904,0.9999999999999996
36047042900,0.9999999999999998,0.9999999999999998,0.9999999999999998
36047043000,1.0,1.0,1.0
36047043100,1.0,0.9999999763007057,1.0
36047088800,0.9999999999999993,0.9999999999999993,0.9999999999999993
36047075000,1.0,1.0,1.0
36047018800,0.9999999999999998,0.0,0.9999999999999998
36047025800,0.8845208104773876,0.5700421453446771,0.8845208104773876
36047049500,0.9999999999999997,0.0,0.9999999999999997
36047011800,1.0,0.0,1.0
36047053200,0.9999999999999998,0.9318043280076532,0.9999999999999998
36047022900,1.0,1.0,1.0
36047040100,1.0,1.0,1.0
36047112000,1.0,1.0,1.0
36047058600,0.8497936060885238,0.3922405114589254,0.8497936060885238
36047005800,0.9999999999999998,0.29609648692145796,0.9999999999999998
36047014000,0.9999999999999997,0.7258073939241186,0.9999999999999997
36047014800,1.0,0.7157089384173645,1.0
36047064200,0.9999999999999998,0.9900012622507683,0.9999999999999998
36047030900,1.0,1.0,1.0
36047094402,1.0,1.0,1.0
36047082400,1.0,1.0,1.0
36047021500,0.9999999999999997,0.3001007991998685,0.9999999999999997
36047038500,1.0,1.0,1.0
36047024300,0.9999999999999999,0.9999999999999999,0.9999999999999999
36047003800,0.4173895275370081,0.0,0.4173895275370081
36047033300,1.0,0.8520828699911218,1.0
36047003500,0.9999999999999999,0.9999999999999999,0.9999999999999999
36047062200,1.0,0.0027138358061881977,1.0
36047061002,0.4833874274315443,0.4833874274315443,0.4833874274315443
36047061200,0.9999999999999992,0.4896216723103451,0.9999999999999992
36047060000,1.0,0.9817754219058136,1.0
36047060800,1.0,0.27304725303104915,1.0
36047061600,0.48313678895233997,0.43481739121473845,0.47775688601952504
36047062800,0.8891549787344459,0.0,0.8891303327078618
36047063600,1.0,1.0,1.0
36047065000,1.0,1.0,1.0
36047063800,1.0,1.0,1.0
36047064000,1.0,0.9347779922973378,1.0
36047064400,0.9999999999999996,0.99399047322329,0.9999999999999996
36047094401,1.0,0.6275258700674439,1.0
36047095000,0.9999999999999997,0.9418782825292525,0.9999999999999997
36047095400,0.9869551954689147,0.7825818212169435,0.9869551954689147
36047095600,1.0,1.0,1.0
36047002000,1.0,0.0,1.0
36047000700,1.0,0.16176151551023696,1.0
36047000900,1.0,0.9630413237058509,1.0
36047001100,1.0,1.0,1.0
36047001300,1.0,1.0,1.0
36047002100,0.9266107057182549,0.5236986093660398,0.8886375633382153
36047002200,1.0,0.0,1.0
36047003900,1.0,0.9497900539289799,1.0
36047002901,1.0,0.004052625085837309,1.0
36047003400,0.1964881133797097,0.0,0.19648811337970984
36047003700,0.9999999999999999,0.9999999999999999,0.9999999999999999
36047049400,1.0,0.9616321704731815,1.0
36047048800,0.9161063342289515,0.5010872067449397,0.9161063342289515
36047049000,0.9000760482575457,0.6340184646133538,0.9000760482575457
36047049200,1.0,1.0,1.0
36047049600,1.0,1.0,1.0
36047049700,1.0,0.0,1.0
36047049800,1.0,0.5675478991848216,1.0
36047049900,0.9999999999999999,0.0,0.9999999999999999
36047050100,1.0,0.0,1.0
36047076400,1.0,0.15169825048189986,1.0
36047051300,1.0,0.16999259695313101,1.0
36047040700,0.42761966105158206,0.1533972633991183,0.42761966105158206
36047014300,1.0,0.0,1.0
36047018400,0.8444799573707317,0.75219922432394,0.8444799573707319
36047029600,1.0,1.0,1.0
36047028300,0.9999999999999998,0.9999999999999998,0.9999999999999998
36047015500,1.0,0.0,1.0
36047021300,1.0,0.40030047761779897,1.0
36047038100,0.9999999999999997,0.9999999999999997,0.9999999999999997
36047016600,0.9376480667621252,0.718574137940149,0.9376480667621252
36047093200,0.9999999999999996,0.9999999999999996,0.9999999999999996
36047110400,1.0,0.8914620521805482,1.0
36047053700,1.0,0.6781313319040916,1.0
36047054700,0.9999999999999999,0.16939371265213296,0.9925002573084784
36047054800,0.9999999999999999,0.9431495843658677,0.9999999999999999
36047053900,1.0,0.0,1.0
36047054300,0.7574209672193103,0.0,0.6703097738681779
36047054400,1.0,0.700418072270536,1.0
36047054900,1.0,0.24575513088231155,0.8603532211908308
36047026600,0.9999999999999999,0.38788607295213556,0.9999999999999999
36047026200,0.6646565408825365,0.0,0.6646565408825365
36047026300,1.0,1.0,1.0
36047026400,1.0,0.0,1.0
36047026700,1.0,1.0,1.0
36047027000,1.0,1.0,1.0
36047027200,0.9396635861486149,0.6319497967543952,0.9396635861486149
36047027700,0.9999999999999999,0.9999999999999999,0.9999999999999999
36047027400,0.9997376451759097,0.0,0.9997376451759097
36047027500,0.9999999999999999,0.9999999999999999,0.9999999999999999
36047027600,1.0,0.25433714460523177,1.0
36047027800,1.0,0.9898693635817397,1.0
36047028100,0.9999999999999999,0.9999999999999999,0.9999999999999999
36047028400,1.0,0.9959257805860396,1.0
36047028502,1.0,1.0,1.0
36047028600,0.7790249699589967,0.5384550767688567,0.7790249699589967
36047028700,1.0,1.0,1.0
36047028800,1.0,0.9995076794404356,1.0
36047029000,1.0,1.0,1.0
36047029100,1.0,1.0,1.0
36047029200,0.8604622249564592,0.8604622249564592,0.8604622249564592
36047029300,1.0,1.0,1.0
36047029700,0.9999999999999998,0.9999999999999998,0.9999999999999998
36047029800,1.0,0.9830329205486875,1.0
36047029900,0.9999999999999999,0.9999999999999999,0.9999999999999999
36047030000,0.9999999999999998,0.9999999999999998,0.9999999999999998
36047037000,0.9999999999999998,0.9999999999999998,0.9999999999999998
36047037100,0.9999999999999999,0.9639362636577051,0.9999999999999999
36047037300,0.9999999999999999,0.9476303053196152,0.9999999999999999
36047036001,1.0,1.0,1.0
36047037500,0.9999999999999993,0.9999999999999993,0.9999999999999993
36047150200,0.9999999999999998,0.04709524077686554,0.9999999999999998
36047036900,1.0,0.8855871940623105,1.0
36047037700,0.9999999999999999,0.9999999999999999,0.9999999999999999
36047037900,0.9999999999999997,0.9999999999999997,0.9999999999999997
36047036200,1.0,1.0,1.0
36047036400,0.9999999999999996,0.9999999999999996,0.9999999999999996
36047036501,1.0,1.0,1.0
36047036502,1.0,1.0,1.0
36047036600,1.0,1.0,1.0
36047038200,1.0,0.8524478342278828,1.0
36047038600,1.0,1.0,1.0
36047038700,0.9999999999999998,0.9999999999999998,0.9999999999999998
36047038800,1.0,1.0,1.0
36047038900,0.9999999999999999,0.9999999999999999,0.9999999999999999
36047039000,0.9999999999999998,0.9999999999999998,0.9999999999999998
36047039100,1.0,0.8151602085513406,1.0
36047046201,1.0,0.3150108108194996,1.0
36047039300,0.9999999999999999,0.9999999999999999,0.9999999999999999
36047077200,0.9999999999999996,0.9884620118490431,0.9999999999999996
36047077400,1.0,1.0,1.0
36047077600,1.0,1.0,1.0
36047078200,0.9999999999999999,0.9946273533958895,0.9999999999999999
36047058400,1.0,1.0,1.0
36047007700,0.9891566702693576,0.0,0.9891566702693576
36047036700,1.0,1.0,1.0
36047030700,0.9999999999999996,0.9999999999999996,0.9999999999999996
36047003000,1.0,0.0,1.0
36047030400,0.6058337306612531,0.6058337306612531,0.6058337306612531
36047030600,0.9999999999999998,0.4646893937994512,0.9999999999999998
36047030100,0.9999999999999996,0.9999999999999996,0.9999999999999996
36047030800,0.9988616469921537,0.26357540030411897,0.9988616469921537
36047031100,1.0,1.0,1.0
36047031900,1.0,1.0,1.0
36047031500,1.0,1.0,1.0
36047031701,1.0,1.0,1.0
36047030200,1.0,1.0,1.0
36047032300,1.0,0.9325042510038564,1.0
36047032700,1.0,1.0,1.0
36047032800,1.0,1.0,0.8599694933688329
36047033000,0.8703158384495794,0.8703158384495797,0.7418744826036205
36047033100,1.0,0.9818548350461692,1.0
36047033500,0.9999999999999997,0.8448409033248713,0.9999999999999997
36047033600,0.3165172926444906,0.3165172926444906,0.3165172926444906
36047034300,1.0,0.8126273107391092,1.0
36047033900,0.9999999999999999,0.7599484517836801,0.9999999999999999
36047034100,1.0,0.8994949206443933,1.0
36047034200,1.0,1.0,1.0
36047034500,1.0,1.0,1.0
36047056200,1.0,0.7523543294027492,1.0
36047055000,1.0,1.0,1.0
36047055300,1.0,0.0,1.0
36047055400,1.0,1.0,1.0
36047055500,1.0,0.0,0.5192103301554369
36047055600,1.0,1.0,1.0
36047055700,1.0,0.0,0.4892016895184834
36047056400,1.0,1.0,1.0
36047048900,0.9999999999999998,0.7696095003693039,0.9999999999999998
36047056000,1.0,0.5031030253110378,1.0
36047023200,0.979454491285763,0.36190016434118194,0.979454491285763
36047091600,1.0,0.6167955829333055,1.0
36047013300,1.0,0.0,1.0
36047054500,1.0,0.0,1.0
36047006200,1.0,0.5574066265700668,1.0
36047076800,1.0,0.8460529972914436,1.0
36047094600,0.9999999999999999,0.9784396968809438,0.9999999999999999
36047089200,1.0,1.0,1.0
36047088400,1.0,1.0,1.0
36047088600,0.9999999999999999,0.9999999999999999,0.9999999999999999
36047089000,0.9999999999999998,0.9999999999999998,0.9999999999999998
36047089400,1.0,0.9999999300603135,1.0
36047089600,1.0,0.9906098269449335,1.0
36047011200,0.9999643142795962,0.6356260133355341,0.9999643142795964
36047008500,1.0,0.0,1.0
36047008600,0.9999999999999998,0.9927550109067348,0.9999999999999998
36047008800,0.9999999999999999,0.9999999999999999,0.9999999999999999
36047009600,1.0,0.016048209749789096,1.0
36047009800,1.0,0.0,1.0
36047010000,1.0,0.0,1.0
36047010100,1.0,0.0757977927358962,1.0
36047011000,1.0,1.0,1.0
36047011400,1.0,0.0,1.0
36047011600,1.0,0.0,1.0
36047011700,1.0,0.0,1.0
36047012000,0.9999999999999994,0.0,0.9999999999999994
36047012100,1.0,0.0,1.0
36047012700,0.9999999999999998,0.16126023458311003,0.9999999999999998
36047012901,1.0,0.9106532156573329,1.0
36047013400,0.9999999999999999,0.0,0.9999999999999999
36047012902,0.9999999999999999,0.9999999999999999,0.9999999999999999
36047013100,0.9999999999999999,0.18892430194656312,0.9999999999999999
36047013200,1.0,0.0,1.0
36047013600,0.9999999999999996,0.0,0.9999999999999996
36047013700,0.9999999999999999,0.0,0.9999999999999999
36047013800,1.0,0.7009209830342295,1.0
36047119800,0.6756216546563827,0.6708608623267336,0.6756216546563827
36047006000,0.9999999999999993,0.7656626722998209,0.9999999999999993
36047004500,0.9999999999999999,0.0,0.9999999999999999
36047004700,0.9999999999999999,0.0,0.9999999999999999
36047004900,1.0,0.0,1.0
36047005000,0.46168938697152007,0.0,0.46168938697152007
36047005201,0.5937582983732601,0.0,0.5937582983732601
36047005400,0.6898662132824919,0.0,0.6898662132824919
36047005602,0.5916781947612595,0.0,0.5916781947612592
36047005900,1.0,0.0,0.929750270294021
36047006300,0.9999999999999998,0.0,0.9849231463101126
36047006700,1.0,0.0,1.0
36047006400,0.9999999999999998,0.0,0.9999999999999998
36047006500,0.9999999999999998,0.0,0.9999999999999998
36047006600,1.0,0.0,1.0
36047006800,1.0,0.0,1.0
36047007000,1.0,0.0,1.0
36047007100,0.9999999999999997,0.0,0.9999999999999997
36047007200,0.9999999999999994,0.0,0.9999999999999994
36047007500,0.9929340434050664,0.0,0.9929340434050664
36047008400,0.9999999999999997,0.9988918381563511,0.9999999999999997
36047080800,0.9999999999999999,0.9999999999999999,0.9999999999999999
36047123700,1.0,1.0,1.0
36047043900,1.0,1.0,1.0
36047043200,0.922808422707284,0.9198666649177439,0.922808422707284
36047043300,1.0,1.0,1.0
36047043400,0.24682728137168933,0.13967230822696683,0.2468272813716888
36047043500,1.0,1.0,1.0
36047044000,1.0,0.10874426161779926,1.0
36047044400,0.9999999999999999,0.36979416443274643,0.9999999999999999
36047044100,0.9999999999999999,0.9615667487951657,0.9999999999999999
36047044200,0.9467795373733785,0.9249369150595439,0.9467795373733785
36047044300,1.0,0.9998952376505733,1.0
36047044500,0.9999999999999999,0.9999999999999999,0.9999999999999999
36047044600,0.9999999999999999,0.8042299387091278,0.9999999999999999
36047045000,1.0,1.0,1.0
36047045200,1.0,0.8965095552669935,1.0
36047045300,1.0,0.0,1.0
36047080600,1.0,1.0,1.0
36047045400,0.9999999999999999,0.9999999999999999,0.9999999999999999
36047079400,0.9999999999999996,0.9999999999999996,0.9999999999999996
36047080400,0.9999999999999998,0.9999999999999998,0.9999999999999998
36047048500,0.8473578469906174,0.004750841732669732,0.8473578469906174
36047062000,1.0,0.9685999676572657,1.0
36047092800,0.9964207452347211,0.785035774833641,0.9964207452347211
36047086800,1.0,1.0,1.0
36047099600,0.9999999999999996,0.996684632516128,0.9999999999999996
36047042000,1.0,0.9520049778351397,1.0
36047020200,1.0,0.0,1.0
36047065400,0.9999999999999997,0.9999999999999997,0.9999999999999997
36047040400,0.9999999999999999,0.8769709521367218,0.9999999999999999
36047004100,1.0,0.8001054198785041,1.0
36047032900,0.9999999999999998,0.9999999999999998,0.9999999999999998
36047013900,1.0,0.0,1.0
36047002300,1.0,0.09622475248642294,1.0
36047016000,1.0,0.7985662833591428,1.0
36047036300,1.0,0.861956942618597,1.0
36047012801,1.0,0.0,1.0
36047047600,0.9979797177008634,0.0,0.9979797177008634
36047046800,0.9999999999999999,0.42783158836026414,0.9999999999999999
36047047000,1.0,0.0,1.0
36047045800,0.9999999999999998,0.9674596346625223,0.9999999999999998
36047046202,1.0,0.981045894938827,1.0
36047046400,0.9999999999999999,0.28622772412817593,0.9999999999999999
36047047400,1.0,0.0,1.0
36047047700,1.0,0.0,1.0
36047047800,0.8392769576307224,0.0,0.8392769576307224
36047048000,1.0,0.0,1.0
36047048100,0.8744610498880666,0.0,0.8744610498880666
36047081400,0.9999999999999999,0.9999999999999999,0.9999999999999999
36047082000,1.0,1.0,1.0
36047083000,0.9999999999999998,0.9999999999999998,0.9999999999999998
36047082200,0.9999999999999999,0.9999999999999999,0.9999999999999999
36047082600,1.0,1.0,1.0
36047082800,1.0,1.0,1.0
36047083200,1.0,1.0,1.0
36047083400,1.0,1.0,1.0
36047026100,1.0,1.0,1.0
36047048200,0.9999999999999998,0.9114018035009417,0.9999999999999998
36047007800,0.9999999999999999,0.0,0.9999999999999999
36047028501,1.0,1.0,1.0
36047067800,0.9999999999999999,0.480337828896924,0.9999999999999999
36047075400,0.9999999999999999,0.503171417978252,0.9999999999999999
36047055100,0.9999999999999998,0.09414161033427174,0.7588262237576253
36047018100,0.9999999999999999,0.9999999999999999,0.9999999999999999
36047080200,1.0,1.0,1.0
36047083800,0.9999999999999999,0.9999999999999999,0.9999999999999999
36047019300,1.0,0.9889879814169582,1.0
36047078400,1.0,1.0,1.0
36047008200,1.0,0.9901601685134933,1.0
36047028900,0.9999999999999999,0.9999999999999999,0.9999999999999999
36047026800,1.0,0.5646454619019241,1.0
36047057100,1.0,0.0,1.0
36047086200,0.9999999999999999,0.9999999999999999,0.9999999999999999
36047111000,1.0,1.0,1.0
36047004300,1.0,0.7242971689148491,1.0
36047039400,0.9999999999999998,0.9999999999999998,0.9999999999999998
36047030300,1.0,0.6886417332780771,1.0
36047031702,1.0,1.0,1.0
36047036100,1.0,1.0,1.0
36047038300,0.9999999999999998,0.9999999999999998,0.9999999999999998
36047042400,0.8978019108990751,0.6698575437703455,0.8978019108990751
36047043800,0.3703929374906485,0.0,0.3703929374906485
36047044700,0.9999999999999999,0.5310446135847501,0.9999999999999999
36047047200,1.0,0.0,1.0
36047049100,0.9999999999999992,0.9999999999999992,0.9999999999999992
36047050300,1.0,0.0,1.0
36047055200,1.0,1.0,1.0
36047084000,1.0,1.0,1.0
36047058000,1.0,1.0,1.0
36047058800,1.0,1.0,1.0
36047059000,0.963940499367369,0.8966272862711199,0.963940499367369
36047083600,0.9458980360112689,0.9458980360112689,0.9458980360112689
36047085000,0.9999999999999996,0.9999999999999996,0.9999999999999996
36047085200,0.6011698653446927,0.5609775614443916,0.6011698653446926
36047085400,1.0,1.0,1.0
36047056900,1.0,0.0,1.0
36047056500,1.0,0.0,1.0
36047057500,0.9999999999999999,0.0,0.9999999999999999
36047057600,1.0,1.0,1.0
36047056600,1.0,1.0,1.0
36047056800,1.0,1.0,1.0
36047057000,1.0,0.8724804211836056,1.0
36047057300,1.0,0.0,1.0
36047057800,1.0,1.0,1.0
36047008000,1.0,0.016197116688967065,1.0
36047114202,0.0,0.0,0.0
36047005601,0.6138479207992179,0.0,0.6138479207992179
36047003600,1.0,0.0,1.0
36047093800,1.0,1.0,1.0
36047064800,0.940614949363583,0.8466625418298855,0.940614949363583
36047025902,1.0,0.6876724882952923,1.0
36047034000,1.0,1.0,1.0
36047086600,0.9999999999999998,0.9999999999999998,0.9999999999999998
36047043600,0.9928428442771978,0.7231911482457922,0.9928428442771978
36047110600,1.0,1.0,1.0
36047117601,0.757038436698273,0.0,0.7570384366982708
36047059402,0.9999999999999999,0.9950935230556286,0.9999999999999999
36047057200,1.0,0.8958906671238791,0.9988682476456157
36047101800,1.0,0.8467093963563391,1.0
36047102000,1.0,0.8717748018701187,1.0
36047102600,1.0,0.6493823374062256,0.9309087716729463
36047107800,1.0,0.6573338642201303,0.9049154959716829
36047152200,1.0,0.8729908772303752,1.0
36047109800,0.9979386574436835,0.5012029800498089,0.9979386574436842
36047112200,0.9999999999999998,0.9999999999999998,0.9999999999999998
36047112400,1.0,1.0,1.0
36047112600,0.9999999999999998,0.9999999999999998,0.9999999999999998
36047112800,1.0,1.0,1.0
36047113000,1.0,0.9995830603607133,1.0
36047113200,0.9999999999999998,0.7589867482329932,0.9999999999999998
36047091000,0.9999999999999998,0.0,0.9999999999999998
36047090000,1.0,0.9974288209053573,1.0
36047092000,0.9999999999999998,0.9999999999999998,0.9999999999999998
36047090200,0.9999999999999997,0.9105880710506644,0.9999999999999997
36047090600,1.0,0.9875303528854364,1.0
36047090800,1.0,0.5424747194824724,1.0
36047091800,0.9999999999999998,0.31496210425231613,0.9999999999999998
36047093600,1.0,1.0,1.0
36047092200,0.9999999999999999,0.9950037542110899,0.9999999999999999
36047093000,0.9999999999999997,0.9999999999999997,0.9999999999999997
36047093400,0.9999999999999996,0.9999999999999996,0.9999999999999996
36047059100,1.0,0.0,1.0
36047059200,1.0,0.6327421954992316,1.0
36047060600,1.0,1.0,1.0
36047063200,1.0,0.5677027309403293,1.0
36047065600,0.9999999999999997,0.8621375971514292,0.9999999999999997
36047069000,1.0,1.0,1.0
36047073000,1.0,1.0,1.0
36047074200,1.0,1.0,1.0
36047087200,1.0,1.0,1.0
36047078000,1.0,1.0,1.0
36047080000,1.0,0.9807163487700609,1.0
36047084600,1.0,1.0,1.0
36047091200,0.9999999999999998,0.09868876829237318,0.9999999999999998
36047098200,0.9999999999999999,0.9875866437340719,0.9999999999999999
36047099200,0.9999999999999999,0.9999999999999999,0.9999999999999999
36047115000,0.6069303921838608,0.0,0.6069303921838608
36047116200,1.0,0.46842394812994825,1.0
36047119000,0.9888918618859484,0.0,0.9888918618859484
36047000100,0.9791155848539088,0.9791155848539088,0.9791155848539088
36047050202,0.9999999999999996,0.9982029113646409,0.9999999999999996
36047050500,1.0,0.2865836039316271,1.0
36047050600,1.0,1.0,1.0
36047050700,0.9999999999999997,0.998074801350896,0.9999999999999997
36047051100,0.9999999999999996,0.8445651372281843,0.9999999999999996
36047051200,1.0,0.7853471462812908,1.0
36047004400,0.4516455217045292,0.0,0.4516455217045292
36047111600,0.9999999999999998,0.8738742128882145,0.9999999999999998
36047030500,1.0,0.3379989796393413,1.0
36047006902,1.0,0.0,1.0
36047070601,0.4932440283235698,0.4932440283235698,0.4932440283235698
36047088002,0.9999999999999993,0.9999999999999993,0.9999999999999993
36047070602,0.025779471271976898,0.025779471271976898,0.025779471271976898
36047006901,1.0,0.0,1.0
36047033701,0.9999999999999998,0.842960933683745,0.9999999999999998
36047033702,0.9999999999999998,0.8532056194083221,0.9999999999999998
36047088001,1.0,1.0,1.0
36047034800,0.9984129394171638,0.7128182373839775,0.988212422579036
36047046000,1.0,0.7249900587614757,1.0
36047105804,0.9628323888727636,0.9326751179083052,0.9615119957527043
36047012600,0.9999999999999997,0.0,0.9999999999999997
36047027100,0.9999999999999998,0.9999999999999998,0.9999999999999998
36047061003,1.0,1.0,1.0
36047061004,1.0,0.9114464812584239,1.0
36047015200,1.0,0.3591307474647376,1.0
36047114400,0.9943492275233685,0.903153906873816,0.9943492275233685
36047056100,1.0,0.0,0.741742296520086
36047092400,1.0,0.6090413648860624,1.0
36047021100,1.0,0.0,1.0
36047072800,1.0,0.9928407536326798,1.0
36047039200,1.0,1.0,1.0
36047041402,0.9875933766730126,0.7152053408484175,0.9875933766730126
36047021200,0.9999999999999999,0.0,0.9999999999999999
36047019400,0.9967540604356576,0.0,0.9967540604356645
36047117602,1.0,0.0,1.0
36047041700,0.9999999999999997,0.9999999999999997,0.9999999999999997
36047089800,0.9999999999999996,0.39635175063716027,0.9999999999999996
36047036002,0.9999999999999999,0.9999999999999999,0.9999999999999999
36047098800,1.0,1.0,1.0
36047025400,0.9990817597735528,0.5719609867853063,0.9990817597735528
36047059600,1.0,1.0,1.0
36047058200,1.0,1.0,1.0
36047068600,0.9999999999999999,0.9999999999999999,0.9999999999999999
36047032100,1.0,1.0,1.0
36047081600,0.9999999999999999,0.9999999999999999,0.9999999999999999
36047019500,1.0,0.9853796712436867,1.0
36047044800,1.0,0.63624736439917,1.0
36047007400,1.0,0.0,1.0
36047004600,0.4762704882324298,0.0009025071654493225,0.4762704882324298
36047000502,1.0,1.0,1.0
36047044902,0.3175554002857878,0.0,0.3175554002857878
36047059403,1.0,0.3347393198301569,1.0
36047059404,1.0,0.864820894300928,1.0
36047102801,1.0,0.938613329527306,1.0
36047078802,1.0,1.0,1.0
36047005301,0.25717475481781804,0.0,0.25717475481781804
36047005302,0.14460698754572038,0.0,0.14460698754572038
36047009402,1.0,0.021099756960775033,1.0
36047009202,1.0,0.9984245817032873,1.0
36047009201,1.0,0.996767258547307,1.0
36047009002,0.9999999999999999,0.9999999999999999,0.9999999999999999
36047079201,1.0,1.0,1.0
36047001501,1.0,0.2678277911714677,1.0
36047035301,1.0,1.0,1.0
36047044901,0.9742470635118422,0.0,0.9742470635118422
36047049301,1.0,0.0,1.0
36047049302,0.9999999999999999,0.08634439210285075,0.9999999999999999
36047035302,1.0,1.0,1.0
36047035101,1.0,1.0,1.0
36047035102,1.0,1.0,1.0
36047056301,1.0,0.0,0.9899956929247062
36047034901,1.0,1.0,1.0
36047034902,1.0,1.0,1.0
36047056302,0.9083373178645866,0.0,0.683080041895653
36047120802,1.0,0.8300361919104805,1.0
36047103402,0.494188813667272,0.15779878654362706,0.49418881366727213
36047103401,0.9999999999999993,0.9981029213721273,0.9999999999999993
36047031402,0.46662157623396705,0.22195921563115834,0.46662157623396616
36047031401,0.6761280557560484,0.4320038115185367,0.6761280557560484
36047003102,0.9999999999999997,0.9988265265335915,0.9999999999999997
36047050001,1.0,0.27604410623533837,1.0
36047001802,0.39256287012768115,0.28363489989699076,0.39256287012768115
36047001801,0.7245346926728358,0.0,0.7245346926728358
36047001804,0.16391882075833888,0.0,0.16391882075833888
36047058902,0.9476469525583316,0.0,0.9476469525583316
36047010601,1.0,0.0,1.0
36047005303,0.8055370594554467,0.0,0.8055370594554456
36047053102,0.9999999999999999,0.9999999999999999,0.9999999999999999
36047050402,1.0,1.0,1.0
36047009001,1.0,1.0,1.0
36047102802,0.4186257527230451,0.12187854841965136,0.29902129261836247
36047107003,0.8967043683687713,0.716442494864366,0.8967043683687713
36047011902,0.9999999999999997,0.0,0.9999999999999997
36047001502,0.9999999999999996,0.9391192835469836,0.9999999999999996
36047011901,1.0,0.0,1.0
36047050401,1.0,1.0,1.0
36047001803,0.1407760097757528,0.0005362241939445352,0.1407760097757528
36047035702,1.0,1.0,1.0
36047107001,0.9006004224328287,0.10706903465894002,0.866775375535454
36047057902,0.8926149452571807,0.0,0.8528082806891077
36047010401,0.9999999999999999,0.0,0.9999999999999999
36047009401,1.0,0.018718768922448236,1.0
36047120803,1.0,0.6913386364738172,1.0
36047057901,0.9999999999999997,0.0,0.9999999999999997
36047010802,1.0,0.0,1.0
36047050002,1.0,0.9523035995013165,1.0
36047035701,1.0,1.0,1.0
36047010402,1.0,0.0,1.0
36047010801,1.0,0.0,1.0
36047010602,0.9999999999999997,0.0,0.9999999999999997
36047058901,1.0,0.0,1.0
36047120801,1.0,0.8311317528327602,1.0
36047107002,0.1980660476557303,0.055693438268966486,0.1973731842680768
36047053101,1.0,1.0,1.0
36047115200,0.7632248537872325,0.33835284322815395,0.7632248537872325
36047114201,0.5731549548069463,0.5731549548069463,0.5731549548069463
36047114600,0.25357646197902567,0.24563041893377824,0.25357646197902567
36047115600,1.0,1.0,1.0
36047116000,1.0,0.2273632383667471,1.0
36047116400,0.9999999999999998,0.6388706699171984,0.9999999999999998
36047117000,0.0,0.0,0.0
36047118600,0.6750232190682042,0.0,0.6750232190682042
36047117201,0.0,0.0,0.0
36047117202,0.0,0.0,0.0
36047117400,0.0175464702202045,0.0,0.0175464702202045
36047117800,0.8240631847616171,0.0,0.824063184761621
36047118000,0.5434471155555023,0.0,0.5434471155555023
36047118201,1.0,0.0,1.0
36047118202,0.7780322923863464,0.0,0.778032292386346
36047118400,0.8181355939275223,0.0,0.818135593927523
36047118800,0.4874273009169593,0.0,0.4874273009169593
36047119200,0.3793564413027121,0.0,0.3793564413027121
36047119400,1.0,0.4883427091511458,1.0
36047119600,0.9943095325484981,0.026246988510287554,0.9943095325484981
36047120000,1.0,0.0,1.0
36047120200,0.9211525757921031,0.0,0.9211525757921031
36047121000,1.0,0.9845653791741844,1.0
36047000200,0.9746171602983407,0.705894006192099,0.9746171602983407
36047000301,0.5848132006998991,0.1943600838247431,0.5848132006998991
36047014200,1.0,0.7078120615071644,1.0
36047014500,0.9999999999999998,0.0,0.9999999999999998
36047014700,1.0,0.0,1.0
36047015000,1.0,0.7254914290859888,1.0
36047015300,1.0,0.0,1.0
36047015400,0.9950146240177534,0.41532248308944125,0.9950146240177534
36047015900,1.0,0.9590425561958036,1.0
36047016100,0.9999999999999997,0.9999999999999997,0.9999999999999997
36047016200,0.9999999999999997,0.0,0.9999999999999997
36047016300,1.0,0.9748457177466685,1.0
36047016400,0.5453950871732102,0.0,0.5026301365435769
36047016500,0.8740306424946233,0.36603200143320197,0.8740306424946233
36047016700,1.0,0.48712969433102915,1.0
36047016800,0.47908993705548125,0.0,0.4790899370554815
36047016900,1.0,0.8587737864781507,1.0
36047017100,1.0,0.9253127334912421,1.0
36047017200,1.0,0.6676267727538058,1.0
36047017400,0.6770307747121701,0.0,0.6770307747121701
36047017500,0.6694108818989672,0.15979009235183952,0.6694108818989672
36047088200,0.9999999999999996,0.9999999999999996,0.9999999999999996
36047085600,1.0,1.0,1.0
36047086000,1.0,1.0,1.0
36047086400,0.9999999999999999,0.9999999999999999,0.9999999999999999
36047087000,1.0,1.0,1.0
36047087401,1.0,1.0,1.0
36047087600,0.9999999999999996,0.9999999999999996,0.9999999999999996
36047087800,1.0,1.0,1.0
36047059800,0.9999999999999993,0.6033035803377513,0.9999999999999993
36047026500,1.0,1.0,1.0
36047057400,1.0,1.0,1.0
36047102400,0.9999999999999997,0.9042135321916068,0.9999999999999997
36047048400,0.9999999999999998,0.29004933330913824,0.9999999999999998
36047024100,0.9999999999999998,0.9999999999999998,0.9999999999999998
36047055800,1.0,0.5499732166166174,1.0
36047029500,0.9999999999999999,0.9999999999999999,0.9999999999999999
36047015100,0.9999999999999999,0.034214641870090934,0.9999999999999999
36047021700,1.0,0.03570722015676407,1.0
36047007600,1.0,0.0,1.0
36047012200,1.0,0.0,1.0
36047010200,1.0,0.0,1.0
36047040900,0.9999999999999999,0.5767538284393416,0.9999999999999999
36047116800,0.0,0.0,0.0
36047096600,1.0,1.0,1.0
36047005202,0.4561952940947358,0.0,0.4561952940947358
36047079001,0.9999999999999998,0.9999999999999998,0.9999999999999998
36047079202,0.9999999999999998,0.9999999999999998,0.9999999999999998
36047078601,1.0,1.0,1.0
36047079002,0.9999999999999998,0.9999999999999998,0.9999999999999998
36047003101,1.0,0.9745476899059021,1.0
36047078801,0.9999999999999999,0.9999999999999999,0.9999999999999999
36047078602,0.9999999999999998,0.9999999999999998,0.9999999999999998
36047014102,1.0,0.0,1.0
36047014101,1.0,0.0,1.0
36047014901,0.9999999999999999,0.21667628780196554,0.9999999999999999
36047014902,1.0,0.13112030203990097,1.0
36047081000,0.9999999999999999,0.9999999999999999,0.9999999999999999
36047042200,0.8527869017798245,0.5769735724757913,0.8527869017798245
36047073800,1.0,1.0,1.0
36047054600,1.0,0.7822932150252655,1.0
36047017600,0.6862986437792528,0.0,0.6862986437792528
36047028200,0.6884736856014352,0.11033522394748237,0.6817023486922539
36047031300,1.0,1.0,1.0
36047085800,1.0,1.0,1.0
36047013500,1.0,0.0,1.0
36047032500,1.0,0.36647715454360275,1.0
