route_id,direction_id,weekday_trips
B1,0,123
B1,1,120
B11,0,99
B11,1,99
B12,0,149
B12,1,149
B13,0,74
B13,1,74
B14,0,85
B14,1,81
B15,0,145
B15,1,148
B16,0,58
B16,1,59
B17,0,123
B17,1,155
B2,0,61
B2,1,65
B20,0,94
B20,1,94
B24,0,48
B24,1,43
B25,0,107
B25,1,107
B26,0,112
B26,1,111
B3,0,127
B3,1,133
B31,0,69
B31,1,65
B32,0,30
B32,1,29
B35,0,206
B35,1,203
B36,0,137
B36,1,128
B37,0,51
B37,1,51
B38,0,191
B38,1,191
B39,0,29
B39,1,29
B4,0,54
B4,1,60
B41,0,242
B41,1,240
B42,0,152
B42,1,152
B43,0,93
B43,1,93
B44,0,121
B44,1,123
B44 SBS,0,129
B44 SBS,1,129
B45,0,78
B45,1,78
B46,0,159
B46,1,163
B46 SBS,0,169
B46 SBS,1,169
B47,0,99
B47,1,99
B48,0,64
B48,1,64
B49,0,97
B49,1,102
B52,0,125
B52,1,126
B54,0,97
B54,1,97
B57,0,65
B57,1,65
B6,0,260
B6,1,264
B60,0,92
B60,1,88
B61,0,94
B61,1,99
B62,0,86
B62,1,86
B63,0,86
B63,1,89
B64,0,68
B64,1,68
B65,0,74
B65,1,76
B67,0,71
B67,1,63
B68,0,111
B68,1,111
B69,0,54
B69,1,50
B7,0,70
B7,1,70
B70,0,75
B70,1,75
B74,1,118
B8,0,112
B8,1,108
B82,0,104
B82,1,104
B82 SBS,0,106
B82 SBS,1,106
B83,0,108
B83,1,105
B84,0,32
B84,1,32
B9,0,101
B9,1,101
X27,0,41
X27,1,40
X28,0,36
X28,1,36
X37,0,18
X37,1,15
X38,0,15
X38,1,14
B100,0,111
B100,1,109
B103,0,173
B103,1,149
BM1,0,31
BM1,1,27
BM2,0,27
BM2,1,21
BM3,0,25
BM3,1,21
BM4,0,18
BM4,1,18
BM5,0,18
BM5,1,13
SIM1,0,29
SIM1,1,41
SIM1C,0,57
SIM1C,1,65
SIM2,0,23
SIM2,1,23
SIM3,0,19
SIM3,1,15
SIM33,0,15
SIM33,1,16
SIM33C,0,24
SIM33C,1,32
SIM3C,0,23
SIM3C,1,30
SIM4,0,29
SIM4,1,21
SIM4C,0,32
SIM4C,1,33
