route_id,direction_id,dir
B6,1,W
B8,0,E
B82,1,W
B6,0,E
B8,1,W
B44,0,N
B15,1,W
B60,0,N
B15,0,E
B82,0,E
B49,0,N
B60,1,S
B4,1,W
B49,1,S
B44,1,S
B4,0,E
B16,0,E
B47,0,N
B16,1,W
B13,1,S
B13,0,N
B20,0,N
B9,0,E
B20,1,S
B9,1,W
B63,0,N
B63,1,S
B46,0,N
B47,1,S
B46,1,S
B43,0,N
B62,0,N
B64,1,S
B68,0,N
B1,1,E
B43,1,S
B68,1,S
B7,0,N
B62,1,S
B57,1,W
B64,0,N
B1,0,W
B7,1,S
B41,1,S
B35,0,E
B57,0,E
B48,0,N
B36,0,E
B48,1,S
B41,0,N
B35,1,W
B3,0,E
B69,1,S
B69,0,N
B14,0,E
B14,1,W
B37,0,N
B11,1,W
B3,1,W
B24,0,N
B26,0,E
B61,1,S
B61,0,N
B25,0,E
B67,1,S
B11,0,E
B26,1,W
B67,0,N
B38,0,E
X28,1,S
X38,0,N
X27,1,S
B17,0,N
B37,1,S
B25,1,W
B52,1,W
B38,1,W
X27,0,N
B17,1,S
B52,0,E
B24,1,S
B36,1,W
X28,0,N
X37,1,S
X37,0,N
X38,1,S
B70,0,N
B45,0,E
B65,0,E
B70,1,S
B54,1,W
B12,0,E
B54,0,E
B83,1,S
B12,1,W
B45,1,W
B83,0,N
B65,1,W
B74,1,E
B82 SBS,0,E
B82 SBS,1,W
B31,1,E
B2,0,E
B32,1,S
B2,1,W
B44 SBS,0,N
B44 SBS,1,S
B31,0,W
B32,0,N
B46 SBS,1,S
B84,0,N
B84,1,E
B46 SBS,0,N
B42,1,S
B42,0,N
B39,1,W
B39,0,E
BM3,0,S
BM1,1,N
BM1,0,S
BM3,1,N
BM4,0,S
BM2,1,N
BM4,1,N
B103,0,E
BM2,0,S
B103,1,W
B100,1,W
B100,0,E
BM5,0,S
BM5,1,N
SIM4C,1,S
SIM4C,0,N
SIM1C,1,S
SIM1C,0,N
SIM33C,1,W
SIM3C,1,S
SIM33C,0,E
SIM1,1,S
SIM1,0,N
SIM2,1,S
SIM2,0,N
SIM3C,0,N
SIM4,1,S
SIM4,0,N
SIM3,1,S
SIM3,0,N
SIM33,0,E
SIM33,1,W
